Model,Accuracy,Precision,Recall,F1-Score,ROC-AUC,True Positives,False Positives,False Negatives,True Negatives
Logistic Regression,0.9446,0.7980466288594833,0.8443333333333334,0.8205377389050859,0.9443756078431371,2533,641,467,16359
Random Forest,0.9695,0.9416112342941612,0.8493333333333334,0.8930949877322117,0.9481865294117646,2548,158,452,16842
Isolation Forest,0.85575,0.5342465753424658,0.299,0.38341525967086987,0.6858187058823528,897,782,2103,16218
